2018-01-01,,,1000.0,1000.0
2018-01-02,,,1000.0,1007.9783536199955
2018-01-03,,,1000.0,1012.1722263706183
2018-01-04,,,1000.0,1013.5683532509105
2018-01-05,,,1000.0,1018.6313648172204
2018-01-06,,,1000.0,1021.1085709791261
2018-01-07,,,1000.0,1023.1116450550123
2018-01-08,,,1000.0,1019.9766977471832
2018-01-09,,,1000.0,1024.9873342727592
2018-01-10,,,1000.0,1023.8590094474791
2018-01-11,,,1000.0,1015.6948229578504
2018-01-12,,,1000.0,1022.3447669252193
2018-01-13,,,1000.0,1028.452877671521
2018-01-14,,,1000.0,1026.2046868054206
2018-01-15,,,1000.0,1022.777794527732
2018-01-16,,,1000.0,1007.7259301587807
2018-01-17,,,1000.0,1004.6382812413362
2018-01-18,,,1000.0,1006.571416866304
2018-01-19,,,1000.0,1006.4019415082373
2018-01-20,USDT,1.0011099576950073,993.5957363814888,1014.4479889384552
2018-01-21,ETH,1049.5799560546875,897.3816250064808,1006.6814121889012
2018-01-22,USDT,1.0050400495529175,896.6257923876987,1003.2223567376406
2018-01-23,USDT,1.0050499439239502,896.6346194471489,1002.3341662391728
2018-01-24,USDT,0.997484028339386,889.8848435957627,1006.412184407384
2018-01-25,USDT,0.9995949864387512,891.7680914119891,1006.119328923127
2018-01-26,USDT,1.004140019416809,895.8228490280584,1006.0178505971003
2018-01-27,USDT,0.9933249950408936,886.1744476483709,1008.5563086595429
2018-01-28,USDT,0.988789975643158,882.1286234418658,1015.2439062720199
2018-01-29,ETH,1182.3599853515625,832.0519125768996,1011.5182689974218
2018-01-30,ETH,1071.1300048828125,753.7770054999351,1003.5225757558702
2018-01-31,USDT,0.9902740120887756,752.1382051809114,1005.9635685427278
2018-02-01,ETH,1036.7900390625,693.1329599185101,999.772146292852
2018-02-02,USDT,0.9907469749450684,691.6387319322786,993.8484210518653
2018-02-03,USDT,1.0013099908828735,699.01275490016,997.1188887584082
2018-02-04,USDT,1.0101300477981567,705.1700212201457,989.639381741863
2018-02-05,USDT,0.9963080286979675,695.5208938395361,980.0571282127694
2018-02-06,USDT,1.0100899934768677,705.1420593684466,986.5685540586466
2018-02-07,USDT,1.0013999938964844,699.0755858466863,984.4016526173639
2018-02-08,USDT,1.0189100503921509,711.2993256884323,989.1740380411749
2018-02-09,USDT,1.0021100044250488,699.571242955972,992.6184923000319
2018-02-10,USDT,1.0037000179290771,700.6812286046714,991.3785499065385
2018-02-11,USDT,0.9992510080337524,697.5753825711499,988.0566943229853
2018-02-12,USDT,1.0000900030136108,698.1610835004907,992.3604319460354
2018-02-13,USDT,1.001099944114685,698.8661216183331,990.581025072777
2018-02-14,USDT,1.0007699728012085,698.6357692210021,996.13592069509
2018-02-15,BTC,10166.400390625,743.5844579523091,998.5078219058677
2018-02-16,BTC,10233.900390625,748.5215004632519,998.8751255378127
2018-02-17,BTC,11112.7001953125,812.7981226017763,1002.3631364662106
2018-02-18,BTC,10551.7998046875,771.7730992992573,998.877974215872
2018-02-19,BTC,11225.2998046875,821.0338123528863,1001.230655966884
2018-02-20,BTC,11403.7001953125,834.0822614267296,999.5739480319039
2018-02-21,BTC,10690.400390625,781.9105361113316,995.8862516792183
2018-02-22,BTC,10005.0,731.7794121775181,992.7149370270114
2018-02-23,BTC,10301.099609375,753.4365434213393,995.5693289655917
2018-02-24,BTC,9813.0703125,717.7414117878965,993.3988718628376
2018-02-25,BTC,9664.73046875,706.8916323114466,993.1393780983408
2018-02-26,BTC,10366.7001953125,758.234660184542,995.8841047186306
2018-02-27,BTC,10725.599609375,784.4850552123793,997.1779329135469
2018-02-28,BTC,10397.900390625,760.5166852305796,995.3294848327394
2018-03-01,BTC,10951.0,800.9711487012495,997.4631044635768
2018-03-02,BTC,11086.400390625,810.8745188421958,997.1086442804809
2018-03-03,BTC,11489.7001953125,840.3724192925233,998.146756087853
2018-03-04,BTC,11512.599609375,842.0473138214455,998.5026543928332
2018-03-05,BTC,11573.2998046875,846.4870092981913,998.1316515819552
2018-03-06,BTC,10779.900390625,788.4566887739891,994.6645887735965
2018-03-07,BTC,9965.5703125,728.8954707941004,989.9762968755742
2018-03-08,USDT,1.005910038948059,727.0076497913094,986.6162712747918
2018-03-09,USDT,1.0016599893569946,723.9359848858398,987.3845989659612
2018-03-10,USDT,1.0051900148391724,726.4872622666534,984.5374086111458
2018-03-11,USDT,1.0038399696350098,725.5115356579233,987.8045430792305
2018-03-12,USDT,1.0023499727249146,724.4346608780102,985.8294209472342
2018-03-13,USDT,0.9998430013656616,722.6227817979578,985.3329420081021
2018-03-14,USDT,1.002750039100647,724.723803350319,979.8694617358769
2018-03-15,USDT,1.0012799501419067,723.6613167685214,979.7677336927155
2018-03-16,USDT,0.9985510110855103,721.6890135873251,979.3531237752156
2018-03-17,USDT,1.0016200542449951,723.9071223327338,976.3169108505338
2018-03-18,USDT,1.0030800104141235,724.9622855801614,976.5042216086254
2018-03-19,USDT,0.9898669719696045,715.4127437183488,977.8403659747016
2018-03-20,USDT,0.996832013130188,720.4466314506464,978.7805071370929
2018-03-21,USDT,0.999243974685669,722.1898435013691,979.095512540016
2018-03-22,USDT,0.9989820122718811,722.0005137686817,977.6463037776591
2018-03-23,USDT,0.9902349710464478,715.678709991298,977.7221769050885
2018-03-24,USDT,1.0090999603271484,729.3131216079104,977.261641652347
2018-03-25,USDT,0.9996860027313232,722.5093131936578,976.4366351619614
2018-03-26,USDT,1.0034099817276,725.2007678100038,974.379572843361
2018-03-27,USDT,1.0016100406646729,723.8998851552386,971.6828560094326
2018-03-28,USDT,0.9992039799690247,722.1609378698256,971.7340975498955
2018-03-29,USDT,0.9986230134963989,721.7410523397907,967.1877436027655
2018-03-30,USDT,0.9989429712295532,721.9722973921379,966.9010392404854
2018-03-31,USDT,1.0007699728012085,723.292737657515,967.2422762652774
2018-04-01,USDT,0.999809980392456,722.5989163435986,966.1679796423088
2018-04-02,USDT,1.0001300573349,722.8302475528207,967.0574357784718
2018-04-03,USDT,1.0003700256347656,723.0036813420811,969.2885330643886
2018-04-04,USDT,1.000830054283142,723.3361607224863,966.2655724737336
2018-04-05,USDT,1.0025299787521362,724.5647577591742,966.3344237325499
2018-04-06,USDT,1.0010900497436523,723.524068866737,965.300720793312
2018-04-07,USDT,0.9996439814567566,722.4789428952404,966.571884043635
2018-04-08,USDT,0.9968090057373047,720.4300031737823,967.4079785040792
2018-04-09,USDT,0.9975550174713135,720.9691728971759,966.730170043718
2018-04-10,USDT,0.9973559975624084,720.8253339944584,967.5579268497936
2018-04-11,USDT,1.000249981880188,722.9169213690134,968.6827640568139
2018-04-12,ETH,492.9410095214844,822.7353203094958,973.5094582379717
2018-04-13,ETH,492.7349853515625,822.391458958628,973.5852494442834
2018-04-14,ETH,501.4779968261719,836.9838426457046,974.2116130797948
2018-04-15,ETH,531.7020263671875,887.428776512355,976.3138683676754
2018-04-16,ETH,511.1470031738281,853.1217432886958,974.7335906946413
2018-04-17,ETH,502.8940124511719,839.3472209126671,974.0272748292607
2018-04-18,ETH,524.7890014648438,875.8907026911924,975.5783637882623
2018-04-19,ETH,567.8889770507812,947.8260286918631,977.7432182748856
2018-04-20,ETH,615.718017578125,1027.6543250159184,981.1909218679333
2018-04-21,ETH,605.39501953125,1010.4248899707503,980.8893635770642
2018-04-22,ETH,621.8599853515625,1037.9054782488683,981.2791606225275
2018-04-23,ETH,642.5479736328125,1072.4344347291901,982.5397569303186
2018-04-24,ETH,708.1580200195312,1181.939834943098,987.4701796110461
2018-04-25,ETH,615.416015625,1027.150273478637,980.9616140540206
2018-04-26,ETH,662.8090209960938,1106.2508122880724,984.3281217449507
2018-04-27,ETH,647.031982421875,1079.918397994736,983.078883068905
2018-04-28,ETH,683.677978515625,1141.0818125857024,985.3826751193774
2018-04-29,ETH,688.8809814453125,1149.765801540249,985.735808360912
2018-04-30,ETH,669.9240112304688,1118.125973121536,984.5121066687985
2018-05-01,ETH,673.6129760742188,1124.2829809859848,984.5258758246023
2018-05-02,ETH,687.1489868164062,1146.875043562594,985.1957778131443
2018-05-03,ETH,779.5430297851562,1301.0838455658504,990.4384309241478
2018-05-04,ETH,785.6240234375,1311.2332309156668,990.6150396816083
2018-05-05,ETH,816.1199951171875,1362.132045466302,992.2394927559811
2018-05-06,ETH,792.3109741210938,1322.3939791721384,990.7463793183462
2018-05-07,ETH,753.7249755859375,1257.9926344856808,988.3950900216464
2018-05-08,ETH,752.8569946289062,1256.5439447298845,988.1819524571542
2018-05-09,ETH,752.2750244140625,1255.5726166361135,988.3241063947431
2018-05-10,ETH,727.2769775390625,1213.8500256859716,986.5866824859705
2018-05-11,ETH,679.5859985351562,1134.252158742945,983.0888972103411
2018-05-12,USDT,1.001099944114685,1126.1631758491133,983.4843634249372
2018-05-13,USDT,1.003250002861023,1128.58183244806,986.1371595522503
2018-05-14,ETH,730.5490112304688,1117.313370132373,985.9270482642937
2018-05-15,ETH,708.8709716796875,1084.1586288952992,984.4837204435441
2018-05-16,USDT,0.9999499917030334,1076.3824681063713,984.0202964908038
2018-05-17,USDT,1.000190019607544,1076.640842855524,981.8744527849825
2018-05-18,USDT,1.0011099576950073,1077.6310976055663,983.2238488619429
2018-05-19,USDT,1.0003600120544434,1076.8238288958971,983.2830983163144
2018-05-20,USDT,0.9991170167922974,1075.4858236764217,984.7041194284895
2018-05-21,USDT,1.0029699802398682,1079.6332933895385,983.9049456011791
2018-05-22,USDT,1.0029699802398682,1079.6332933895385,980.7632872418638
2018-05-23,USDT,1.0040199756622314,1080.7635465757994,976.8490027685657
2018-05-24,USDT,0.9988179802894592,1075.1639299300848,977.5327968155879
2018-05-25,USDT,1.000440001487732,1076.9099324254137,976.6767925947975
2018-05-26,USDT,0.9998900294303894,1076.3179225395356,976.3788652789311
2018-05-27,USDT,0.9991819858551025,1075.5557587339276,975.7551617003295
2018-05-28,USDT,1.0024900436401367,1079.1166722124399,972.8546034969304
2018-05-29,USDT,1.0006799697875977,1077.168243013963,975.7453945847756
2018-05-30,USDT,0.9997270107269287,1076.1424432897386,975.3024646553703
2018-05-31,USDT,0.9980030059814453,1074.2866620023065,976.2382713914427
2018-06-01,USDT,1.0009900331497192,1077.502006471895,976.5559721550088
2018-06-02,USDT,0.9935299754142761,1069.4717295339287,977.0656181919193
2018-06-03,USDT,1.000100016593933,1076.543960344667,978.6146539192475
2018-06-04,USDT,1.0005199909210205,1076.9960359549302,977.032909656726
2018-06-05,USDT,1.0010199546813965,1077.5342150947097,978.0445985006828
2018-06-06,USDT,1.00068998336792,1077.1790219953034,977.9890260957104
2018-06-07,USDT,0.9987499713897705,1075.090722681815,977.9004720693807
2018-06-08,ETH,601.0770263671875,1061.3923698449717,977.6936225498164
2018-06-09,USDT,1.0060800313949585,1059.5515586119766,977.4571036045868
2018-06-10,USDT,0.9982150197029114,1051.2685342632521,972.3094874179249
2018-06-11,USDT,1.0019299983978271,1055.1809580700844,973.0210887453462
2018-06-12,USDT,1.0007699728012085,1053.959278988329,970.6184014283943
2018-06-13,USDT,1.0035300254821777,1056.8660240073284,969.3076138297002
2018-06-14,USDT,1.0039499998092651,1057.3083192909605,971.9385099361614
2018-06-15,USDT,1.0069500207901,1060.4677865370256,970.2640154734598
2018-06-16,USDT,1.0042400360107422,1057.613770447667,970.7753990566308
2018-06-17,USDT,1.0054800510406494,1058.9196902717777,970.7269983354383
2018-06-18,USDT,1.0028300285339355,1056.128823352918,972.0098815568471
2018-06-19,USDT,1.0002199411392212,1053.3800140327007,972.8317714836724
2018-06-20,USDT,0.9988290071487427,1051.9151541492433,972.7290094602062
2018-06-21,USDT,1.0005300045013428,1053.7065567612635,972.2870431343677
2018-06-22,USDT,1.003000020980835,1056.3078506235565,968.1365619938098
2018-06-23,USDT,1.001979947090149,1055.233561454655,968.6705748890417
2018-06-24,USDT,1.0051000118255615,1058.5194525867878,968.0732057875255
2018-06-25,USDT,1.0006200075149536,1053.801343289547,968.2241331877507
2018-06-26,USDT,1.0005600452423096,1053.7381941190483,966.6545465434677
2018-06-27,USDT,0.9979349970817566,1050.9736288924737,967.1364263627714
2018-06-28,USDT,0.9971929788589478,1050.1921736006861,965.6298448973888
2018-06-29,USDT,1.0033299922943115,1056.6553593789054,967.1900476871298
2018-06-30,USDT,0.9991919994354248,1052.2974388891412,968.3334289699017
2018-07-01,USDT,0.9988210201263428,1051.9067426295148,968.2223347282523
2018-07-02,BTC,6614.18017578125,1082.9961582701164,969.7054445624397
2018-07-03,BTC,6529.58984375,1069.1454614064169,969.0662112673588
2018-07-04,BTC,6597.5498046875,1080.2731257057653,969.3295859959121
2018-07-05,BTC,6639.14013671875,1087.0830656550806,969.9669730751159
2018-07-06,BTC,6673.5,1092.7090992591448,969.9349639338134
2018-07-07,BTC,6856.93017578125,1122.743687129809,971.2449673249133
2018-07-08,BTC,6773.8798828125,1109.1451540028004,970.8677820551308
2018-07-09,BTC,6741.75,1103.8842541290687,970.3603554910695
2018-07-10,BTC,6329.9501953125,1036.4567582640548,967.3236867528575
2018-07-11,USDT,1.0011600255966187,1030.2062520930162,968.0021853014161
2018-07-12,USDT,0.9990699887275696,1028.0555778805535,966.818678298486
2018-07-13,USDT,1.001420021057129,1030.4737906903288,967.0895388813391
2018-07-14,USDT,1.0026500225067139,1031.7394776445105,967.3119905051486
2018-07-15,USDT,0.9983519911766052,1027.316749374541,967.9674146146991
2018-07-16,USDT,0.9991390109062195,1028.1266025700738,970.2552005169049
2018-07-17,ETH,501.00201416015625,1065.2222260553056,972.5795619064257
2018-07-18,BTC,7370.77978515625,1066.0343287058438,971.8858549794436
2018-07-19,BTC,7466.85986328125,1079.9303701792655,971.5139612156215
2018-07-20,BTC,7354.1298828125,1063.6262568348347,970.5198855263827
2018-07-21,BTC,7419.2900390625,1073.0503565164215,971.1525661747397
2018-07-22,BTC,7418.490234375,1072.9346809328351,971.0242016599302
2018-07-23,BTC,7711.10986328125,1115.2561962622494,971.2809116157586
2018-07-24,BTC,8424.26953125,1218.4003289134778,974.2191483813399
2018-07-25,BTC,8181.39013671875,1183.2727332109134,973.4051805127342
2018-07-26,BTC,7951.580078125,1150.0353528137664,972.4516713452842
2018-07-27,BTC,8165.009765625,1180.903643587853,973.1878738570593
2018-07-28,BTC,8192.150390625,1184.8289864682356,973.1601489214115
2018-07-29,BTC,8218.4599609375,1188.6341340841102,973.2484621145193
2018-07-30,BTC,8180.48,1183.141100328873,972.7419916987486
2018-07-31,BTC,7780.44,1125.2833993412096,970.7838641853394
2018-08-01,BTC,7624.91,1102.7891281817972,969.83499273896
2018-08-02,BTC,7567.15,1094.4353115408428,969.3848431814132
2018-08-03,USDT,0.999095,1086.177142587915,969.2523886485008
2018-08-04,USDT,0.998505,1085.5357175841596,967.7778252067817
2018-08-05,USDT,0.999347,1086.45110716579,968.0334674236764
2018-08-06,USDT,1.00095,1088.1938262861624,967.635289834249
2018-08-07,USDT,1.00154,1088.8352512899178,966.0290872949442
2018-08-08,USDT,1.00169,1088.9983254434146,963.9240313404271
2018-08-09,USDT,1.00424,1091.7705860528656,965.0361339469504
2018-08-10,USDT,1.00158,1088.8787377308502,962.6568663239422
2018-08-11,USDT,1.00985,1097.869559393657,962.6810428651352
2018-08-12,USDT,1.00049,1087.693732215438,962.3274323358104
2018-08-13,USDT,1.00393,1091.433566135638,960.9530354685563
2018-08-14,USDT,0.997543,1084.4898686797314,960.1765423163588
2018-08-15,USDT,1.00125,1088.5199745931566,960.7128537103509
2018-08-16,USDT,1.00122,1088.4873597624571,961.0209653313464
2018-08-17,USDT,0.997761,1084.726869782814,962.7009724469917
2018-08-18,USDT,1.00286,1090.2703038406923,961.6275750893504
2018-08-19,USDT,1.00052,1087.7263470461373,961.9676935621223
2018-08-20,USDT,1.00539,1093.0208212296766,960.5026302013379
2018-08-21,USDT,1.0007,1087.9220360303339,961.1164476797079
2018-08-22,USDT,1.00035,1087.541529672174,960.373947826783
2018-08-23,USDT,0.998976,1086.0477704261405,960.9631544931002
2018-08-24,BTC,6719.96,1110.1158818033243,961.7606151411767
2018-08-25,BTC,6763.19,1117.2573394266371,961.6970403409225
2018-08-26,BTC,6707.26,1108.0178824552772,961.3099192104387
2018-08-27,BTC,6884.64,1137.3204906723313,962.144632939047
2018-08-28,BTC,7096.28,1172.2827412251404,963.1839781046581
2018-08-29,BTC,7047.16,1164.168274455371,962.7958900242572
2018-08-30,BTC,6978.23,1152.7812590962462,962.3821625451192
2018-08-31,BTC,7037.58,1162.5856891203875,962.594681183116
2018-09-01,BTC,7193.25,1188.3018748298744,963.285251088016
2018-09-02,BTC,7272.72,1201.430064451079,963.471319722621
2018-09-03,BTC,7260.06,1199.3386729749943,963.2464512121754
2018-09-04,BTC,7361.66,1216.1226677593706,963.3708333571744
2018-09-05,BTC,6792.83,1122.1537725507408,959.9581083174179
2018-09-06,USDT,1.00091,1107.6402514641122,958.9903301345684
2018-09-07,USDT,1.00636,1113.6714024871605,958.4577507845803
2018-09-08,USDT,1.00428,1111.3696053994652,956.969915399108
2018-09-09,USDT,1.00498,1112.1442486501319,957.131533924597
2018-09-10,USDT,1.00128,1108.0497057537502,957.0861692094273
2018-09-11,USDT,1.00454,1111.657330035427,956.6550387117935
2018-09-12,USDT,1.00125,1108.0165067572932,956.5459990313072
2018-09-13,USDT,1.00635,1113.6603361550083,958.3277034022354
2018-09-14,USDT,1.00236,1109.2448696262074,958.2014784728423
2018-09-15,USDT,1.00086,1107.5849198033504,958.7148412082274
2018-09-16,USDT,1.00096,1107.6955831248742,958.5474349969693
2018-09-17,USDT,1.00411,1111.1814777528746,957.0957871722317
2018-09-18,USDT,1.00225,1109.1231399725316,957.7761627629691
2018-09-19,USDT,1.00069,1107.3967921567598,957.7907648106507
2018-09-20,USDT,1.00154,1108.3374303897124,958.7453605538158
2018-09-21,USDT,0.994428,1100.467054962938,959.9842679730514
2018-09-22,ETH,240.48,1066.7961312821544,959.9041086872239
2018-09-23,ETH,244.33,1083.8751611617133,959.995909421063
2018-09-24,ETH,228.73,1014.6718193120723,959.0786712411157
2018-09-25,ETH,218.505,969.3125776189585,958.2677359025215
2018-09-26,ETH,215.847,957.5213928345775,958.3274383648446
2018-09-27,ETH,228.494,1013.6248969610137,959.1504328715812
2018-09-28,ETH,222.402,986.6001047463976,958.9507228560673
2018-09-29,ETH,231.635,1027.5587236757394,959.1859666351797
2018-09-30,ETH,232.848,1032.9397271157147,959.3209828974838
2018-10-01,ETH,230.768,1023.712614869096,959.0629480459918
2018-10-02,ETH,227.181,1007.8002823553358,958.88648050287
2018-10-03,ETH,220.489,978.1138231465026,958.4283867798912
2018-10-04,USDT,0.996185,969.9327682299387,958.6049440726707
2018-10-05,BTC,6622.48,970.8345698272155,958.9354695711246
2018-10-06,ETH,225.12,954.4989682727712,958.7913311555114
2018-10-07,BTC,6602.95,950.8888670026178,958.8516303974411
2018-10-08,BTC,6652.23,957.9856651558506,959.0806291566494
2018-10-09,BTC,6642.64,956.6046121061449,959.0342370281174
2018-10-10,BTC,6585.53,948.3802179801073,958.6909305262636
2018-10-11,BTC,6256.24,900.9592629501143,956.3067125383503
2018-10-12,USDT,0.994102,896.5320078170946,956.6989135931256
2018-10-13,USDT,0.988046,891.0703973995113,956.6606988635004
2018-10-14,USDT,0.98957,892.4448185151647,956.5451846554469
2018-10-15,USDT,0.980138,883.9385586970265,957.5824782992559
2018-10-16,BTC,6596.11,878.5856078508274,957.4343770838253
2018-10-17,BTC,6544.43,871.7019591224512,957.0472645235112
2018-10-18,BTC,6476.71,862.6818218955616,957.0397955222841
2018-10-19,BTC,6465.41,861.1766897239158,957.255209171815
2018-10-20,USDT,0.983831,852.6538456105804,957.258288638178
2018-10-21,BTC,6482.35,846.6522319369734,957.2198040757619
2018-10-22,BTC,6487.16,847.2804604707021,957.1990655091028
2018-10-23,BTC,6475.74,845.7889074862567,957.314968384822
2018-10-24,USDT,0.988612,841.2749138539003,957.3646560668768
2018-10-25,USDT,0.988791,841.4272367162365,957.2739836643395
2018-10-26,USDT,0.989789,842.2765004961888,957.3295678631418
2018-10-27,USDT,0.993097,845.0914950694174,957.4907869819874
2018-10-28,USDT,0.998453,849.6492674195422,957.7325709200933
2018-10-29,USDT,0.996859,848.2928280756104,956.9542667802472
2018-10-30,USDT,0.996671,848.1328465218718,956.9653790780093
2018-10-31,USDT,0.988122,840.8579406553265,956.6342597983711
2018-11-01,USDT,0.99172,843.919715284854,956.9645089791429
2018-11-02,USDT,0.993501,845.4352852168129,957.1255240754783
2018-11-03,USDT,0.999433,850.4832138166896,957.2361188915137
2018-11-04,USDT,0.988708,841.3566065621924,957.2324332369153
2018-11-05,ETH,209.091,842.785329796744,957.5557775224256
2018-11-06,ETH,218.452,880.5168126067517,958.0479789043806
2018-11-07,ETH,217.183,875.4018407355948,958.1776440500996
2018-11-08,ETH,212.231,855.4417613770692,957.8126623123803
2018-11-09,ETH,210.074,846.7475184093108,957.569905289579
2018-11-10,ETH,212.533,856.6590360067692,957.811293522719
2018-11-11,ETH,211.34,851.8503981483846,957.5425136137311
2018-11-12,ETH,210.418,848.1340828881745,957.3616245825026
2018-11-13,ETH,206.826,833.6557700739935,957.0445441812248
2018-11-14,ETH,181.397,731.1588278268312,953.8201093358003
2018-11-15,USDT,0.982022,738.3405185571206,954.0830622392988
2018-11-16,USDT,0.987027,742.1035648996449,953.8289400585516
2018-11-17,USDT,0.985869,741.2329140175983,953.6880919862987
2018-11-18,USDT,0.992533,746.2432918051272,954.2098153562514
2018-11-19,USDT,0.98273,738.872833604175,950.8465519675541
2018-11-20,USDT,0.968799,728.3987080102278,948.5487445570949
2018-11-21,USDT,0.987504,742.4622008847367,949.8090476142302
2018-11-22,USDT,0.998188,750.4950454648624,949.1548319235969
2018-11-23,USDT,0.98257,738.7525364184,948.4449213668094
2018-11-24,USDT,0.980224,736.988678931974,946.8061805183324
2018-11-25,USDT,0.980969,737.5488127032389,947.2737271216287
2018-11-26,USDT,0.977243,734.7473919895035,946.2369121970196
2018-11-27,USDT,0.98426,740.0231754431485,946.6428940210276
2018-11-28,USDT,0.998622,750.8213515812771,948.720197279111
2018-11-29,USDT,0.997377100811,749.8853648999628,948.5201006725098
2018-11-30,USDT,0.991822591933,745.7091662350524,947.5092675191142
2018-12-01,USDT,1.00105228277,752.648577692955,948.5322401688555
2018-12-02,USDT,0.998371663389,750.6331341450286,948.164055931765
2018-12-03,USDT,0.996593812935,749.2964441053724,947.183416470776
2018-12-04,USDT,1.00003100157,751.8807198539243,947.5059654090296
2018-12-05,USDT,0.992965843432,746.5687283473196,946.4430827785877
2018-12-06,USDT,0.998296020778,750.5762616873537,945.5887998559379
2018-12-07,USDT,1.00143121687,752.9334821043561,945.5117960211227
2018-12-08,USDT,1.0199754506,766.8761016673118,946.2136199208039
2018-12-09,USDT,1.01550212572,763.5127992040536,946.5313650186799
2018-12-10,USDT,1.01660428942,764.3414691501371,946.1463911338907
2018-12-11,USDT,1.00979401561,759.2211143145108,945.6122566122367
2018-12-12,USDT,1.00975613359,759.1926324370266,945.8343091203805
2018-12-13,USDT,1.00337785317,754.3970750332153,945.0254292483844
2018-12-14,USDT,1.00219721906,753.5094065278217,944.7163478369253
2018-12-15,USDT,1.00498943472,755.6087545651648,944.8004974242461
2018-12-16,USDT,1.00633612869,756.6212764069847,944.9197351326296
2018-12-17,USDT,1.00994085149,759.3315139591032,946.1801033366597
2018-12-18,USDT,1.01286790287,761.5322392318086,946.9014786264972
2018-12-19,ETH,101.268575225,758.1386745515049,947.3441778809288
2018-12-20,ETH,116.21687011,870.0478274722345,948.8398123079505
2018-12-21,ETH,109.496233553,819.7343469068584,947.8398114644529
2018-12-22,ETH,116.759499161,874.1101742425357,948.6156552836472
2018-12-23,ETH,130.765259805,978.9631238089326,949.0222642737634
2018-12-24,ETH,140.23800256,1049.8800160500525,949.6193683319102
2018-12-25,ETH,129.84435176,972.0688231527921,948.6371069176386
2018-12-26,ETH,131.865627374,987.2009331039446,948.8428877165453
2018-12-27,ETH,116.575910514,872.735753271469,947.8421272364769
2018-12-28,ETH,137.647013306,1030.482792830111,949.374400256123
2018-12-29,ETH,138.018334779,1033.2626598199179,949.4128512750892
2018-12-30,ETH,139.859452892,1047.0460357860684,949.1935334590198
2018-12-31,ETH,133.368263445,998.4502917195872,948.4351599067642
2019-01-01,ETH,140.819413158,1054.2326976115198,949.1553329508397
2019-01-02,ETH,155.047677215,1160.7514002729927,950.2008674778386
2019-01-03,ETH,149.135003379,1116.4866646911914,949.5352109992764
2019-01-04,ETH,154.58194227,1157.264714762605,949.7461800922426
2019-01-05,ETH,155.638589483,1165.175215288089,949.8038595598575
2019-01-06,ETH,157.746199308,1180.953659051587,950.6280598097339
2019-01-07,ETH,151.699213451,1135.683407816474,949.9243796823824
2019-01-08,ETH,150.359633438,1125.6547546705692,950.057741262047
2019-01-09,ETH,150.80311047,1128.974808186554,950.0043211964114
2019-01-10,ETH,128.625185944,962.9416407692431,948.3971241006698
2019-01-11,USDT,1.02331597964,957.0382064611044,948.3665102360151
2019-01-12,USDT,1.02088055295,954.7605166392519,948.1540582871864
2019-01-13,USDT,1.02009070432,954.0218246503935,947.4722300252057
2019-01-14,USDT,1.02085600848,954.7375618569415,948.3963063784779
2019-01-15,USDT,1.02055754445,954.4584286413487,947.8989072230041
2019-01-16,USDT,1.01852152852,952.5542806824174,947.9562493407401
2019-01-17,USDT,1.01749458953,951.5938541194702,947.9881682576137
2019-01-18,USDT,1.01725095328,951.3659976173066,947.8116737249657
2019-01-19,USDT,1.01678176452,950.9271971116013,948.1201512978238
2019-01-20,USDT,1.01714631362,951.2681352223831,947.6032733559184
2019-01-21,USDT,1.01337550145,947.7415497024853,947.3175570031574
2019-01-22,USDT,1.00903636433,943.6834483051293,947.3122166124386
2019-01-23,USDT,1.00829657096,942.9915696146141,947.1843869565893
2019-01-24,USDT,1.00853971125,943.2189622789425,947.2269850252526
2019-01-25,USDT,1.01052224467,945.0730916644656,947.2474327947513
2019-01-26,USDT,1.00926429185,943.8966134948499,947.2171433850056
2019-01-27,USDT,1.00871724568,943.3849982207754,947.0208737973428
2019-01-28,USDT,1.0088296671,943.490138369376,946.4535089779006
2019-01-29,USDT,1.00943758469,944.0586825645074,946.3763299724862
2019-01-30,USDT,1.00718794982,941.9547512627267,946.5375604457829
2019-01-31,USDT,1.00648965104,941.3016796550496,946.3654995912742
2019-02-01,USDT,1.0063091419,941.1328616681985,946.4567953466774
2019-02-02,USDT,1.00269951115,937.757018226193,946.5398503174031
2019-02-03,USDT,1.00004663114,935.2759590252804,946.1860897627795
2019-02-04,USDT,0.99982645874,935.0700466746471,946.1811346594887
2019-02-05,USDT,0.999532055392,934.794711140216,946.1726620295116
2019-02-06,USDT,1.00100251533,936.1699328407815,945.9840660626598
2019-02-07,USDT,1.00107848907,936.2409859400337,945.9351213936059
2019-02-08,USDT,1.0019432715,937.0497584426165,947.2517519399552
2019-02-09,ETH,119.430883307,932.709911488282,947.2150400349243
2019-02-10,ETH,124.806484949,974.6913219314903,947.6230801094543
2019-02-11,ETH,121.298395992,947.2944774137649,947.3349888096025
2019-02-12,ETH,122.572291057,957.2431148216226,947.4293451213385
2019-02-13,ETH,122.553602552,957.0971646840892,947.3758079119985
2019-02-14,ETH,121.390203726,948.0114610036205,947.3717235038403
2019-02-15,ETH,122.100387372,953.557725983495,947.3113208882797
2019-02-16,ETH,123.260213055,962.6155247720379,947.377407322311
2019-02-17,ETH,133.59888295,1043.3566163193934,947.8545907310437
2019-02-18,ETH,146.09837101,1140.9728783721762,949.1330052529994
2019-02-19,ETH,145.346183571,1135.0985796964403,949.2487220664681
2019-02-20,ETH,149.554343958,1167.9627166215434,949.5378578977206
2019-02-21,ETH,146.130844289,1141.2264823675848,949.1938768107871
2019-02-22,ETH,149.092454265,1164.3555332637181,949.5835318070714
2019-02-23,ETH,158.79542978,1240.1320927529855,950.3361695670324
2019-02-24,ETH,135.852653564,1060.9577102047606,948.6521734170544
2019-02-25,ETH,139.822855499,1091.9634818514937,949.0993219077436
2019-02-26,ETH,138.08968196,1078.4280537160494,948.8162260959364
2019-02-27,ETH,136.125954509,1063.0920869518986,948.6638004479331
2019-02-28,ETH,136.746252009,1067.936375215548,948.733521732115
2019-03-01,ETH,136.443622783,1065.572955714826,948.6262900931753
2019-03-02,BTC,3864.41510673,1060.5149811881386,948.6921083703205
2019-03-03,BTC,3847.17569934,1055.7839548105478,948.52598758767
2019-03-04,BTC,3761.55701842,1032.2875416982254,948.1701779512507
2019-03-05,USDT,1.01115400103,1025.6336755942752,948.9174178784301
2019-03-06,BTC,3903.9425832,1021.4691613590189,948.9587073863469
2019-03-07,BTC,3911.4842891,1023.442453700469,948.8747905554508
2019-03-08,BTC,3901.13162355,1020.7336719057016,948.7588410560388
2019-03-09,BTC,3963.31374243,1037.0036644760885,948.9156004955754
2019-03-10,BTC,3951.59982769,1033.9387109295915,948.9291601269949
2019-03-11,BTC,3905.22731979,1021.805313538306,948.6883804431038
2019-03-12,BTC,3909.15620907,1022.8333100193978,948.6520463704239
2019-03-13,BTC,3906.71716859,1022.1951334631268,948.7105250721969
2019-03-14,BTC,3924.369118,1026.8137777120915,948.7936111836092
2019-03-15,BTC,3960.91118728,1036.3750343305658,949.0245330103708
2019-03-16,BTC,4048.72590374,1059.3518130268985,949.4802751447284
2019-03-17,ETH,140.000549501,1035.2752827224258,949.2618281054506
2019-03-18,BTC,4032.50738522,1030.9337147626193,949.3097784013449
2019-03-19,BTC,4071.19020004,1040.8231989396413,949.5549594202206
2019-03-20,BTC,4087.47629856,1044.9868337311736,949.4876377058541
2019-03-21,BTC,4029.32690706,1030.1206072215823,949.2100049548756
2019-03-22,BTC,4023.96816173,1028.7506131454963,949.0843165922936
2019-03-23,BTC,4035.82635079,1031.7822274068342,949.1499703984414
2019-03-24,BTC,4022.1682822,1028.2904635877326,949.0058492850632
2019-03-25,BTC,3963.07065416,1013.1818149508466,948.8405759644081
2019-03-26,USDT,1.01033885932,1009.8975775512612,949.0050454407333
2019-03-27,USDT,1.01225312751,1011.8110096537991,949.5557915185736
2019-03-28,ETH,139.416477555,994.5375566892463,949.3977838400896
2019-03-29,BTC,4098.37454059,995.6897207043178,949.1932551638868
2019-03-30,ETH,142.092680619,986.9134214363088,949.2573178383459
2019-03-31,ETH,141.514094106,982.894813351401,949.2362490319839
2019-04-01,ETH,141.830324349,985.0912098844328,949.4603510723607
2019-04-02,BTC,4879.87782845,1149.137781756446,952.3467366236454
2019-04-03,BTC,4973.02181522,1171.0717887344088,952.4440749624188
2019-04-04,BTC,4922.79878778,1159.2450216770405,952.1056658647647
2019-04-05,BTC,5036.68110011,1186.0625921926858,952.7581464280918
2019-04-06,BTC,5059.81718799,1191.5107926681042,952.7225143786864
2019-04-07,BTC,5198.89699014,1224.2619927899605,953.4633610721012
2019-04-08,BTC,5289.77104039,1245.6614638821864,954.077267132063
2019-04-09,ETH,176.114574527,1209.7318947938095,953.6540651109765
2019-04-10,ETH,177.337476528,1218.1320147656522,953.863331888181
2019-04-11,BTC,5064.48767243,1151.6940690763292,952.778884714428
2019-04-12,BTC,5089.53891201,1157.390867235076,952.8597145686601
2019-04-13,BTC,5096.58656276,1158.993544168003,952.8521992782979
2019-04-14,BTC,5167.72236684,1175.1702413893042,953.1242384018198
2019-04-15,BTC,5067.10847228,1152.290054265495,952.4704825226007
2019-04-16,BTC,5235.55941893,1190.5967831461307,953.4507387707732
2019-04-17,BTC,5251.93818854,1194.3214109937396,953.322220498471
2019-04-18,BTC,5298.38569881,1204.883846043691,953.6882536723948
2019-04-19,BTC,5303.81261613,1206.1179587309102,953.7274999608798
2019-04-20,BTC,5337.8861323,1213.866475268761,953.7888546720261
2019-04-21,BTC,5314.5314532,1208.5554848696581,953.6201358851847
2019-04-22,BTC,5399.36541009,1227.8472220256913,953.8872570124078
2019-04-23,BTC,5572.36206051,1267.1876704867275,954.3650156474721
2019-04-24,BTC,5464.86664182,1242.7425845934197,953.7688099900347
2019-04-25,BTC,5210.51555862,1184.9016630764704,952.2354902869378
2019-04-26,BTC,5279.34821147,1200.5546102595956,952.4285206844227
2019-04-27,BTC,5268.29106346,1198.0401502376392,952.612311617138
2019-04-28,BTC,5285.13900822,1201.871471253948,952.5752098483355
2019-04-29,BTC,5247.35253746,1193.2786071617866,952.6077072721325
2019-04-30,USDT,1.00604883059,1192.8624871725317,953.3483689724849
2019-05-01,BTC,5402.69709069,1197.2326388774532,953.2880628130473
2019-05-02,BTC,5505.28367176,1219.9657296108753,953.5615816933682
2019-05-03,BTC,5768.28940693,1278.2475553493732,954.4574285417341
2019-05-04,BTC,5831.16747167,1292.1812758805315,954.4168926498307
2019-05-05,BTC,5795.70842926,1284.3235851375605,954.3650161853385
2019-05-06,BTC,5746.80700343,1273.48707475977,954.5523418607349
2019-05-07,BTC,5829.50151628,1291.812101719119,954.5803629008532
2019-05-08,BTC,5982.45732286,1325.70696587113,955.1144110934786
2019-05-09,BTC,6174.52868876,1368.269801504746,955.4855167623233
2019-05-10,BTC,6378.8489737,1413.5469861791266,956.167584296141
2019-05-11,BTC,7204.77169716,1596.570691768844,959.0850264094681
2019-05-12,BTC,6972.37152291,1545.0710297995713,958.0471068116409
2019-05-13,BTC,7814.91513992,1731.777909905894,960.8278131631142
2019-05-14,BTC,7994.41615632,1771.5551678084485,961.972774037996
2019-05-15,BTC,8205.16749484,1818.2574679610987,963.8734433862651
2019-05-16,ETH,264.010023118,1930.6347120005814,963.6954153250286
2019-05-17,ETH,243.764593413,1782.5852974888799,961.426501819441
2019-05-18,ETH,234.595229584,1715.5321913751106,960.8490958185246
2019-05-19,ETH,261.292219263,1910.7601390548157,964.7244326140552
2019-05-20,ETH,251.864416688,1841.8171394890446,963.5584979813415
2019-05-21,ETH,255.215875873,1866.3254644457913,963.7210871117808
2019-05-22,ETH,244.698911619,1789.4177167252947,962.4404050531717
2019-05-23,ETH,245.965672113,1798.681197530394,963.0877717447295
2019-05-24,ETH,249.484984964,1824.4169914683896,963.4500337205953
2019-05-25,ETH,251.759872316,1841.0526344481234,963.7222770968729
2019-05-26,ETH,267.069644637,1953.0089061330716,966.1094195257294
2019-05-27,ETH,272.86264362,1995.371558850105,966.5203129807481
2019-05-28,ETH,271.76871076,1987.3719203243734,966.1003720929284
2019-05-29,ETH,269.455701828,1970.4575044224791,965.8951661591284
2019-05-30,ETH,255.858948474,1871.028082441746,964.501399313872
2019-05-31,ETH,268.113560321,1960.6427824235618,965.702230456937
2019-06-01,ETH,265.391260671,1940.7353329309794,965.5743526664331
2019-06-02,ETH,270.225527951,1976.0870370353541,966.1595712687787
2019-06-03,BTC,8208.99482964,1844.28473182501,964.0117701147191
2019-06-04,BTC,7707.77077085,1731.6765626113993,962.1533805246441
2019-06-05,USDT,1.00508074053,1738.6306714777058,963.0155667990186
2019-06-06,USDT,1.00366992353,1736.1901812671892,963.0680371047355
2019-06-07,USDT,1.00664962179,1741.3445878513342,963.7711212629707
2019-06-08,USDT,1.00472713162,1738.0189840063993,963.2642622756731
2019-06-09,USDT,1.00297114772,1734.981409666301,962.0109914767155
2019-06-10,USDT,1.00562860804,1739.5783955941686,963.4837410960913
2019-06-11,USDT,1.00507401154,1738.6190313895715,963.2131607376516
2019-06-12,USDT,1.00292808119,1734.9069113827775,964.326943700611
2019-06-13,ETH,256.168792302,1693.2190115500066,964.2962402927585
2019-06-14,ETH,264.08745783,1745.5596378129762,965.9085523728245
2019-06-15,BTC,8838.37523367,1763.94954700436,966.4544082051303
2019-06-16,BTC,8994.48801293,1795.106299119638,966.7581598249786
2019-06-17,BTC,9320.35218253,1860.1417766994002,967.841806726537
2019-06-18,BTC,9081.76285149,1812.5244792571277,966.6917206609515
2019-06-19,BTC,9273.52176614,1850.7954331019398,967.4207079459624
2019-06-20,BTC,9527.16035008,1901.4162376520098,968.0744997322345
2019-06-21,BTC,10144.5567168,2024.635269725812,970.6680744587313
2019-06-22,BTC,10701.691013,2135.827289007676,972.4210666664297
2019-06-23,BTC,10855.3710156,2166.498511240604,972.7581098839768
2019-06-24,BTC,11011.1024485,2197.5791548267475,973.2883359736916
2019-06-25,BTC,11790.916533,2353.213269099379,975.5732434550268
2019-06-26,BTC,13016.2317442,2597.7598237081843,979.118827192593
2019-06-27,BTC,11182.8062855,2231.8475466394466,972.6098453740389
2019-06-28,BTC,12407.331998,2476.236534293081,976.8240795204086
2019-06-29,BTC,11959.3709764,2386.8331518572777,976.0436549229524
2019-06-30,BTC,10817.1555981,2158.871536077691,971.786618766102
2019-07-01,BTC,10583.1345195,2112.165963540629,971.460456908684
2019-07-02,BTC,10801.6779238,2155.7825252755515,972.1316208914152
2019-07-03,BTC,11961.2693412,2387.212024629759,975.5287885807315
2019-07-04,BTC,11215.4375483,2238.360044662269,972.7386880263143
2019-07-05,BTC,10978.4599518,2191.064414759172,972.3677628020977
2019-07-06,BTC,11208.5508454,2236.985606924603,972.7689818764278
2019-07-07,BTC,11450.8467553,2285.3426577636455,974.3103109305067
2019-07-08,BTC,12285.958217,2452.0129388524224,976.746358070539
2019-07-09,BTC,12573.8129407,2509.4625487693393,977.1807611841532
2019-07-10,BTC,12156.5126313,2426.17838485121,975.2671011233421
2019-07-11,BTC,11358.661752,2266.944514381798,972.2927803586334
2019-07-12,USDT,1.00667631861,2276.34174210234,974.071961999094
2019-07-13,BTC,11392.3793357,2181.5854242226283,972.4797563121939
2019-07-14,USDT,0.999995147208,2171.341337854335,967.9425649547355
2019-07-15,USDT,1.00828552991,2189.342675878569,969.8714296461949
2019-07-16,USDT,0.995923840824,2162.5010991038457,964.6831660525556
2019-07-17,USDT,1.00626616271,2184.9579191225894,966.0834924648959
2019-07-18,USDT,1.00885194909,2190.5725712270832,969.1937314169671
2019-07-19,USDT,1.00297397366,2177.8094182561053,968.4421362254221
2019-07-20,USDT,1.00503849407,2182.2922185192792,969.4233536222044
2019-07-21,USDT,1.00078346653,2173.0530564922374,968.7219219582007
2019-07-22,USDT,1.00039617979,2172.212120703186,967.7360957311911
2019-07-23,USDT,0.997631035079,2166.2080185503837,966.3565282201884
2019-07-24,USDT,1.00304755161,2177.969181875794,966.5052170952415
2019-07-25,USDT,1.00312740605,2178.1425739638134,966.8626716392888
2019-07-26,USDT,1.0038771462,2179.770523644259,966.7865989514004
2019-07-27,USDT,0.998903598119,2168.971200693309,965.1364727974302
2019-07-28,USDT,1.00223554662,2176.2060333182703,965.593235599202
2019-07-29,USDT,1.00052071306,2172.4825262524973,965.4577164023224
2019-07-30,USDT,1.0031757154,2178.247470561515,965.7288772951886
2019-07-31,USDT,1.0037499063,2179.494241048822,967.2658500664734
2019-08-01,USDT,1.00606838507,2184.528474273148,968.0725750100253
2019-08-02,BTC,10518.1746772,2196.184747201669,968.2215610940353
2019-08-03,BTC,10821.7265103,2259.5660777365592,969.2453937342531
2019-08-04,BTC,10970.1842157,2290.563903710184,969.6416453661342
2019-08-05,BTC,11805.6537253,2465.0091330438377,972.3411856348736
2019-08-06,BTC,11478.1693461,2396.6307099221076,970.7991640743312
2019-08-07,BTC,11941.9683406,2493.471493494217,972.0712421655023
2019-08-08,BTC,11966.407405,2498.574346614493,971.7466622109243
2019-08-09,BTC,11862.93676,2476.9697755452657,971.0857740662427
2019-08-10,BTC,11354.0242177,2370.7093266214024,969.7121360737543
2019-08-11,BTC,11523.5793784,2406.112280952048,970.4631229986609
2019-08-12,BTC,11382.6159562,2376.679254096156,969.9374997693118
2019-08-13,BTC,10895.8304358,2275.038906044274,968.5779108691632
2019-08-14,BTC,10051.7039313,2098.78610450922,965.4535994411924
2019-08-15,USDT,1.00276846048,2106.1686565395344,966.4839488638752
2019-08-16,USDT,1.00242879013,2105.455228591887,966.4938699573039
2019-08-17,USDT,1.00091827669,2102.2826157824584,966.1065306609376
2019-08-18,USDT,1.00342188588,2107.5410811331517,966.8476877197693
2019-08-19,USDT,1.00427584282,2109.3346929308364,968.6387019430384
2019-08-20,USDT,1.00055457761,2101.5187189978096,967.8609953868023
2019-08-21,USDT,0.994471878558,2088.7428982621304,965.7164631430893
2019-08-22,USDT,1.00297976075,2106.6124618877593,966.1725471315228
2019-08-23,USDT,1.00390706701,2108.560133216483,967.0246214269305
2019-08-24,USDT,1.00263672715,2105.8919699248254,966.2298726133014
2019-08-25,USDT,0.999558553292,2099.4267154272957,965.8838123130299
2019-08-26,USDT,1.00134659718,2103.1822403982546,966.6000039403503
2019-08-27,USDT,0.999137270067,2098.5418715585565,966.0136306260417
2019-08-28,USDT,0.996917555959,2093.8796863532993,964.300156173423
2019-08-29,USDT,1.0025942832,2105.8028226084975,963.7032641512482
2019-08-30,USDT,1.00209048961,2104.744677772036,963.8718928543337
2019-08-31,USDT,1.00374390625,2108.2174378762998,964.1627254385407
2019-09-01,USDT,1.00457320801,2109.9592650702753,964.4646325994088
2019-09-02,USDT,1.00308469517,2106.8328613070735,966.1422694216778
2019-09-03,BTC,10623.5401172,2150.2316682245582,966.8498833894604
2019-09-04,BTC,10594.4933536,2144.352529042787,966.6253625845113
2019-09-05,BTC,10575.533284,2140.5149625032054,966.4549554988553
2019-09-06,BTC,10353.3025592,2095.5348958920954,965.8066419422119
2019-09-07,BTC,10517.254784,2128.719245172244,966.6483847487809
2019-09-08,BTC,10441.275979,2113.340940876075,966.5744970891849
2019-09-09,BTC,10334.9741628,2091.8251816224383,966.2146926368396
2019-09-10,BTC,10115.9757913,2047.499351579541,965.532617190506
2019-09-11,ETH,178.725492594,2023.2143268960235,965.725178808892
2019-09-12,USDT,1.00231688074,2010.9117447120193,966.3866538426936
2019-09-13,BTC,10360.5472773,1989.3445318558609,966.2384903296461
2019-09-14,ETH,188.10550845,2053.8090700718203,966.5626979993204
2019-09-15,ETH,189.789129887,2072.191503453866,966.6653306573053
2019-09-16,ETH,197.113177378,2152.158301293021,966.7328229183594
2019-09-17,ETH,208.608748647,2277.671417482305,967.2499351650891
2019-09-18,ETH,211.393034896,2308.071337181586,967.2651574642032
2019-09-19,ETH,221.280858893,2416.0304436195047,967.7952320876883
2019-09-20,ETH,218.050055201,2380.7552728872515,967.3815146317432
2019-09-21,ETH,215.516209164,2353.0897567849443,966.9234016708052
2019-09-22,ETH,211.545386424,2309.734770393213,966.8850622467197
2019-09-23,ETH,201.92131273,2204.655392300302,965.6345533584223
2019-09-24,ETH,168.110736232,1835.4983737305488,961.6222970273997
2019-09-25,USDT,1.00674939537,1823.7611844823844,961.402770598386
2019-09-26,USDT,1.00443103888,1819.5614018972647,960.2480940986159
2019-09-27,USDT,1.01034423903,1830.2733675157608,961.1125341357945
2019-09-28,USDT,1.00462798223,1819.9181715550599,960.9029369672771
2019-09-29,USDT,1.00567660098,1821.8177805167,960.4161544145036
2019-09-30,USDT,1.00410853381,1818.9771728615485,961.2314089592463
2019-10-01,USDT,1.00639557944,1823.120234745982,961.3184596646688
2019-10-02,USDT,1.00424491775,1819.2242370635263,961.5141436765887
2019-10-03,USDT,1.00494772137,1820.4973900133712,960.9749017646539
2019-10-04,USDT,1.00884146255,1827.5510361930092,961.0488650642288
2019-10-05,USDT,1.00193177442,1815.0338982971964,960.6600075602094
2019-10-06,USDT,1.01208687097,1833.4302052607125,960.4553467363223
2019-10-07,USDT,1.00852412629,1826.9761706345312,961.3164741492741
2019-10-08,USDT,1.00612031356,1822.6215811290394,961.2318586367494
2019-10-09,USDT,1.00571907295,1821.8947199523438,962.6005014880379
2019-10-10,ETH,191.659672427,1795.674557444992,962.4252604834271
2019-10-11,ETH,182.569691851,1710.5098139113234,961.6886573461888
2019-10-12,ETH,180.826640026,1694.1790241587078,961.3888910402902
2019-10-13,ETH,182.075152956,1705.8764400764774,961.4202787201463
2019-10-14,ETH,186.960906402,1751.6514486937594,961.7373382282556
2019-10-15,ETH,181.406059693,1699.6076526278052,961.079642415637
2019-10-16,ETH,176.013511357,1649.0844427937923,960.530471869891
2019-10-17,USDT,1.00420672286,1636.076870713914,960.6914812706832
2019-10-18,USDT,1.00273915268,1633.6858713579159,960.1337773521136
2019-10-19,USDT,1.0068509766,1640.3849502017626,960.2767616682679
2019-10-20,USDT,1.00288618345,1633.9254172966198,960.828597885186
2019-10-21,BTC,8243.72113905,1628.4117654776373,960.8977123558595
2019-10-22,BTC,8078.20332194,1595.7164381816488,960.3910101140667
2019-10-23,USDT,1.00244911262,1582.9339703926978,958.5210332908574
2019-10-24,USDT,1.00742797637,1590.7959281366013,958.6239876841537
2019-10-25,USDT,1.00217220575,1582.4967159868233,962.1338938374081
2019-10-26,BTC,9244.97220867,1679.1353969486786,963.4680165205092
2019-10-27,BTC,9551.7149631,1734.8481243745023,964.4943958297961
2019-10-28,BTC,9256.14838876,1681.1652915950026,963.6589625979196
2019-10-29,BTC,9427.68758384,1712.3214192632704,964.3851534093412
2019-10-30,BTC,9205.72655905,1672.0073323135693,963.7226586173024
2019-10-31,BTC,9199.58483269,1670.8918297575121,963.6951064473334
2019-11-01,BTC,9261.104352,1682.0654277029787,963.7686864179407
2019-11-02,BTC,9324.71776331,1693.6193327056465,963.9437763456613
2019-11-03,BTC,9235.35487947,1677.3886315156053,963.6506572811538
2019-11-04,BTC,9412.61187106,1709.5832646867332,964.2493768429562
2019-11-05,BTC,9342.52717939,1696.8540012653712,964.2188075389715
2019-11-06,BTC,9360.87991187,1700.1873506840961,964.3057892009647
2019-11-07,BTC,9267.56114253,1683.2381543791537,964.0112849665172
2019-11-08,BTC,8804.88071936,1599.2029557344945,962.6125455587297
2019-11-09,ETH,185.028722122,1596.6744690105563,962.5926546154859
2019-11-10,ETH,189.477274196,1635.0625064955495,963.457967013368
2019-11-11,ETH,185.489646106,1600.6519355842172,962.5507862447386
2019-11-12,ETH,186.843411554,1612.3340285212532,962.7160206001578
2019-11-13,ETH,188.258745224,1624.5474141518905,962.8178298947353
2019-11-14,ETH,185.999635946,1605.0528077712167,962.5555281027645
2019-11-15,USDT,1.00136858555,1588.7521366097246,961.6523006363119
2019-11-16,USDT,1.00674640899,1597.2844878377362,962.0956734313511
2019-11-17,USDT,1.00847118866,1600.0209900861948,962.2955744467844
2019-11-18,USDT,1.01200834029,1605.6329668255974,961.5601202252991
2019-11-19,USDT,1.0089675187,1600.8084577808004,961.073841015125
2019-11-20,USDT,1.00544034792,1595.2123164660272,960.4447196307509
2019-11-21,USDT,1.00041070028,1587.232374265169,958.7256227879558
2019-11-22,USDT,1.00304525125,1591.4123021588487,957.4849420684441
2019-11-23,USDT,1.01313019036,1607.4128725679864,958.2016056184743
2019-11-24,USDT,1.01751867149,1614.3755523168516,957.0362974347987
2019-11-25,USDT,1.0031141184,1591.5215654543858,956.9564519339197
2019-11-26,USDT,1.00977274332,1602.0860116744782,957.4604732971295
2019-11-27,USDT,1.00502661471,1594.5558953131579,958.242600295454
2019-11-28,USDT,1.00408000409,1593.0540211114258,957.9881635477482
2019-11-29,USDT,1.00452085552,1593.753467510531,958.8851531362789
2019-11-30,USDT,1.00170334457,1589.2832588318006,958.2049766857756
2019-12-01,USDT,1.0024807923,1590.5167424460897,957.8175633003394
2019-12-02,USDT,1.00168131376,1589.2483051724148,957.4496664168352
2019-12-03,USDT,1.00313527259,1591.5551282853412,957.4457096856985
2019-12-04,USDT,1.00793857678,1599.1759583221226,957.3862785498645
2019-12-05,USDT,1.0100716523,1602.5602549126618,958.0438228776018
2019-12-06,USDT,1.00342753047,1592.0188190161982,958.0624716936858
2019-12-07,USDT,1.00741182821,1598.3402291729165,958.1984864053891
2019-12-08,BTC,7564.3454032,1590.469217567117,958.2917161051126
2019-12-09,BTC,7400.89935576,1556.1032687202594,957.6913832768166
2019-12-10,USDT,1.00585506774,1549.2485110624618,957.3602586841007
2019-12-11,USDT,1.0119230308,1558.5945719785827,957.2982119391727
2019-12-12,USDT,1.00583702114,1549.2207151412836,957.2456673132046
2019-12-13,USDT,1.00175135409,1542.9278467182696,957.1468219484769
2019-12-14,USDT,1.00608813705,1549.6074914892376,956.8468650706832
2019-12-15,USDT,1.00461604396,1547.340129022245,956.8761844193253
2019-12-16,USDT,1.00398591432,1546.3695842212533,955.9089192909513
2019-12-17,USDT,0.993339338633,1529.9714051395904,954.3689942901676
2019-12-18,USDT,1.00612846966,1549.669612999576,956.7977013639579
2019-12-19,USDT,1.00856888065,1553.4284080923253,956.5352575449261
2019-12-20,USDT,1.00584168578,1549.2278997614205,956.4729865398979
2019-12-21,USDT,1.00575836709,1549.0995697856954,956.3623820511921
2019-12-22,USDT,1.00388669484,1546.2167633660542,957.2655137148631
2019-12-23,BTC,7355.62826671,1505.0420960941735,956.9957129289197
2019-12-24,BTC,7322.5324589,1498.2703313784764,956.816876003176
2019-12-25,BTC,7275.15572845,1488.5765334978435,956.4587659126025
2019-12-26,BTC,7238.96702501,1481.1719284654266,956.344117559288
2019-12-27,BTC,7290.08851803,1491.6319457774077,956.5657969805347
2019-12-28,BTC,7317.99003408,1497.3409015154443,956.4998282306707
2019-12-29,BTC,7422.65258898,1518.7560064252689,957.1620595687953
2019-12-30,BTC,7292.99507783,1492.2266597427142,956.8189749106141
2019-12-31,BTC,7193.59897843,1471.8891293020315,956.230989565766
2020-01-01,BTC,7200.17439274,1473.2345310783282,956.3036401470425
2020-01-02,BTC,6985.47000061,1429.3036611845328,955.6905005106245
2020-01-03,USDT,1.00419244775,1424.4673864102078,956.9463736847704
2020-01-04,ETH,135.069371268,1425.4065246961973,957.2541707609871
2020-01-05,ETH,136.276776707,1438.1484481578048,957.2656600633378
2020-01-06,ETH,144.30415371,1522.8625135958457,958.3765018054787
2020-01-07,ETH,143.543998337,1514.840484483804,959.2674809575473
2020-01-08,BTC,8079.86277673,1490.3030178374904,959.0479597921155
2020-01-09,BTC,7879.07152428,1453.2677589784641,958.5363589429851
2020-01-10,BTC,8166.55414039,1506.2929429702574,959.2839332941037
2020-01-11,BTC,8037.53738872,1482.4962449719771,958.8789462095866
2020-01-12,BTC,8192.49400532,1511.0774622196207,959.4632632166323
2020-01-13,BTC,8144.19451744,1502.1687870927515,959.3030703090394
2020-01-14,BTC,8827.76442606,1628.2509156968674,961.858390173042
2020-01-15,ETH,166.230685102,1621.1812133217716,961.7479816177627
2020-01-16,ETH,164.391010988,1603.239609396954,961.451402010588
2020-01-17,ETH,170.77995796,1665.5484472481598,962.3487411761279
2020-01-18,ETH,175.36567147,1710.2710722408087,962.5756228518837
2020-01-19,ETH,166.969841975,1628.389913902353,961.4968239407269
2020-01-20,ETH,167.120509335,1629.859312246846,961.4559370529372
2020-01-21,ETH,169.69716391,1654.98839107875,961.8066817084612
2020-01-22,ETH,168.294161709,1641.3054732160545,961.5602064572739
2020-01-23,ETH,162.928558428,1588.9768960225156,960.5867450707999
2020-01-24,ETH,163.051182861,1590.1728029451867,960.8379711194377
2020-01-25,ETH,161.283936353,1572.9375564182285,960.5439879166736
2020-01-26,ETH,168.077100489,1639.1885621789088,961.3427130401931
2020-01-27,ETH,170.930890433,1667.0204311334314,962.2759433720867
2020-01-28,ETH,176.370320541,1720.0690117661557,963.5682023008486
2020-01-29,ETH,175.050337929,1707.195750664135,963.4596798716823
2020-01-30,BTC,9508.9935947,1732.0059011609535,964.317152068503
2020-01-31,ETH,180.160175239,1679.3993392615034,963.7083199438332
2020-02-01,ETH,183.673947121,1712.1536711726383,963.9820629723456
2020-02-02,ETH,188.617538168,1758.236350249172,964.0547094521312
2020-02-03,ETH,189.865063235,1769.8654062847393,963.9304527826257
2020-02-04,ETH,189.250602393,1764.137585856679,963.7229502334662
2020-02-05,ETH,204.230244698,1903.7733369654782,965.4608924015521
2020-02-06,ETH,212.339079745,1979.3614751433342,965.9087171607812
2020-02-07,ETH,222.72606629,2076.1858610957242,966.5359695506638
2020-02-08,ETH,223.146521744,2080.1052212467666,966.7819590555754
2020-02-09,ETH,228.578569991,2130.741152438254,967.6944272781744
2020-02-10,ETH,223.52269963,2083.611839134738,966.8140155863787
2020-02-11,ETH,235.851199501,2198.534432376982,968.1307270771506
2020-02-12,ETH,265.406126106,2474.0366300547657,969.8302320398034
2020-02-13,ETH,268.099256044,2499.141182891832,969.5421336828178
2020-02-14,ETH,284.217509609,2649.3907280601843,970.5268617127031
2020-02-15,ETH,264.728585265,2467.7207967181885,968.6217676207519
2020-02-16,ETH,259.894703492,2422.6607947234356,968.5278549699017
2020-02-17,ETH,266.363446303,2482.9604829771483,968.1842801907003
2020-02-18,ETH,281.944579134,2628.203149102523,970.0349184583871
2020-02-19,ETH,259.763962739,2421.442068476575,967.8553318206104
2020-02-20,ETH,257.949455024,2404.527769555554,967.7582834083802
2020-02-21,ETH,265.600612524,2475.849574349759,968.2966548470152
2020-02-22,ETH,262.331720974,2445.377943747131,968.0555497164726
2020-02-23,ETH,273.754156046,2551.8544715770267,969.0600194579324
2020-02-24,ETH,265.216417336,2472.2682215673326,968.048021612456
2020-02-25,ETH,247.817592279,2310.081571460617,966.6323512031297
2020-02-26,USDT,1.00274192428,2299.1942902233786,964.4478527796177
2020-02-27,USDT,0.998413463529,2289.269530917737,964.2629756391651
2020-02-28,USDT,0.997088873199,2286.232368064685,963.9459942708974
2020-02-29,USDT,1.00636832394,2307.5092885200015,963.7768340562915
2020-03-01,USDT,1.00049830425,2294.049877451258,963.454266281287
2020-03-02,USDT,0.994999993452,2281.442760418915,964.522553943122
2020-03-03,USDT,1.00249701358,2298.6327326885635,964.3080512349584
2020-03-04,USDT,1.00062168043,2294.332767596506,964.1682243582057
2020-03-05,USDT,1.00252226909,2298.6906412321105,965.2256659902139
2020-03-06,USDT,0.998430318693,2289.3081782465174,965.8121960427903
2020-03-07,USDT,1.00018210341,2293.324858233164,965.1065798835465
2020-03-08,USDT,1.00977491849,2315.320294072691,961.8636390734771
2020-03-09,USDT,0.999047755418,2290.723903427963,961.1143758340754
2020-03-10,USDT,1.00172059937,2296.8524868693194,961.1162697817813
2020-03-11,USDT,0.9988063162,2290.170305679609,960.7694971500481
2020-03-12,USDT,1.05358463137,2415.7719050715496,951.8448302274418
2020-03-13,USDT,0.999629098662,2292.056869602908,952.4061715664265
2020-03-14,USDT,1.00162063522,2296.6232783388477,951.1583408447952
2020-03-15,USDT,1.00198666057,2297.462540540237,951.721272516879
2020-03-16,USDT,0.997004024018,2286.0378167571535,950.0039598318309
2020-03-17,USDT,0.97614542519,2238.210982986507,949.9730130265722
2020-03-18,USDT,0.974248381124,2233.861236776403,949.9803065798191
2020-03-19,USDT,1.00319309314,2300.2287786014163,954.2019675068178
2020-03-20,USDT,0.997556179272,2287.3038575764053,953.8675563141629
2020-03-21,USDT,1.00094953917,2295.084517298753,953.9499021889737
2020-03-22,USDT,0.999031593882,2290.6868465238954,952.610694034252
2020-03-23,USDT,0.996811816752,2285.597103311524,954.467678215446
2020-03-24,USDT,1.00047310346,2293.9920943755997,955.5322697612116
2020-03-25,BTC,6681.06312656,2262.053445322927,955.2282320903787
2020-03-26,BTC,6716.44054866,2274.0314221855933,955.4043313708843
2020-03-27,BTC,6469.79813509,2190.5240056547086,955.1024419377134
2020-03-28,BTC,6242.1938684,2113.4624653154838,953.9690627504041
2020-03-29,BTC,5922.0431227,2005.066827732836,953.0293365290312
2020-03-30,USDT,1.0065341672,2002.1475996712436,954.7358409786235
2020-03-31,BTC,6438.64476637,1992.8773697615538,954.6709944988563
2020-04-01,BTC,6606.77626829,2044.9171199696234,955.2262894968233
2020-04-02,BTC,6793.62459642,2102.7500674639437,955.8248738372695
2020-04-03,BTC,6733.3873906,2084.105559395513,955.7134541586197
2020-04-04,BTC,6867.52731596,2125.624299958391,956.2552847857612
2020-04-05,ETH,143.54664871,2088.551980392894,955.9548324838499
2020-04-06,ETH,169.135884595,2460.866135858333,957.9004521787201
2020-04-07,ETH,165.101942525,2402.1737332505263,957.6854618726396
2020-04-08,ETH,172.641733789,2511.874977533767,958.4119854665477
2020-04-09,ETH,170.807147486,2485.1824083183533,958.3983893681592
2020-04-10,ETH,158.412448608,2304.844008776065,956.709610887831
2020-04-11,ETH,158.216023679,2301.986096883672,956.5969018796993
2020-04-12,ETH,161.142420145,2344.5641102988557,957.329205639009
2020-04-13,ETH,156.279549094,2273.8110899028193,956.5522510517626
2020-04-14,ETH,157.596395681,2292.970732930841,956.4861645943636
2020-04-15,ETH,153.286892905,2230.269021409126,955.9014323060651
2020-04-16,ETH,172.157382821,2504.827845590859,957.9797218552942
2020-04-17,ETH,171.638582707,2497.2794909949134,958.0401291272069
2020-04-18,ETH,186.914005844,2719.5313898084746,958.8958950324762
2020-04-19,ETH,181.614959142,2642.4321709613996,958.7299379287473
2020-04-20,ETH,172.297157575,2506.8615178632463,957.481551327452
2020-04-21,ETH,172.737700531,2513.2712590273245,957.5512359151567
2020-04-22,ETH,182.599574801,2656.7579737788847,958.3713546212625
2020-04-23,ETH,185.028670833,2692.100445190025,959.1324049548464
2020-04-24,ETH,189.236941873,2753.329271453872,959.9485956041075
2020-04-25,ETH,195.515300681,2844.6771283345747,960.158273298532
2020-04-26,ETH,197.317530184,2870.8989177768167,960.3598095600438
2020-04-27,ETH,197.2247212,2869.5485805235726,960.7633083369478
2020-04-28,ETH,198.415382994,2886.8722803116516,960.9661302821337
2020-04-29,ETH,216.968223855,3156.8094252772403,964.2024988658478
2020-04-30,ETH,207.602055895,3020.535058600314,963.3510435761372
2020-05-01,BTC,8864.76680793,3073.9452950919576,964.2399132680512
2020-05-02,BTC,8988.5962069,3116.8843601125272,964.4357014244339
2020-05-03,BTC,8897.46850985,3085.2849326635355,964.0247869849147
2020-05-04,BTC,8912.65460539,3090.5508610232355,964.0288783199462
2020-05-05,BTC,9003.07017834,3121.9033524191814,964.0153553279685
2020-05-06,BTC,9268.76208066,3214.034639206105,965.1115876573931
2020-05-07,BTC,9951.5187451,3450.787244415141,966.6356428780798
2020-05-08,BTC,9842.66636785,3413.0416093457684,966.4290353109176
2020-05-09,BTC,9593.89673363,3326.778285871963,965.796700205714
2020-05-10,BTC,8756.43114193,3036.3788347431696,962.6358511617946
2020-05-11,BTC,8601.79620238,2982.7576447913552,962.0534706903089
2020-05-12,BTC,8804.47781074,3053.0394908814924,962.7732826192469
2020-05-13,BTC,9269.98770576,3214.459636793895,964.3190994241103
2020-05-14,BTC,9733.72147137,3375.2638923211757,965.5675924656242
2020-05-15,BTC,9328.19722645,3234.644362024853,964.4308851557041
2020-05-16,BTC,9377.0140257,3251.5720684865446,964.6430739502877
2020-05-17,BTC,9670.73937122,3353.4242281059915,965.6858003649936
2020-05-18,BTC,9726.5748149,3372.7857187259106,966.1319654854058
2020-05-19,BTC,9729.0379192,3373.6398244275447,965.9151957846175
2020-05-20,BTC,9522.98115678,3302.1876103889053,965.3645003236537
2020-05-21,ETH,199.883605552,3122.84141591102,963.9480387259431
2020-05-22,USDT,1.00228700766,3105.0171633254763,964.5178663767695
2020-05-23,ETH,208.694402844,3109.1376189911725,964.7564327149512
2020-05-24,ETH,202.370350969,3014.9216394485306,963.3139232279733
2020-05-25,USDT,1.00319929718,3003.176126211893,963.7955019668253
2020-05-26,ETH,201.902309998,2935.4972664914862,963.3008240408205
2020-05-27,USDT,1.00455422438,2937.050761547852,964.6621803972201
2020-05-28,ETH,219.840431324,3072.889420127982,965.8645761711626
2020-05-29,ETH,220.675124275,3084.556605835069,965.7620355605155
2020-05-30,ETH,242.345590189,3387.462422728383,967.2370087883039
2020-05-31,ETH,230.975700856,3228.5361850523404,966.0838566072932
2020-06-01,ETH,246.991760327,3452.4057408213735,968.600667263777
2020-06-02,ETH,237.219061533,3315.8047409537858,966.5041353593422
2020-06-03,ETH,244.179324047,3413.0940198720127,967.1963173761774
2020-06-04,ETH,244.426387575,3416.5474287682673,967.6410716789667
2020-06-05,ETH,241.221991758,3371.7569689576717,967.1901907815322
2020-06-06,ETH,241.931320121,3381.671831337317,967.0686582208324
2020-06-07,ETH,245.167259144,3426.9031963235925,967.5877505788241
2020-06-08,ETH,246.309898559,3442.8748014929797,967.638891561882
2020-06-09,ETH,244.911453825,3423.3275962684365,967.6817076081129
2020-06-10,ETH,247.444943732,3458.740255733918,967.90532750548
2020-06-11,ETH,231.702669421,3238.69761895556,965.8602425031297
2020-06-12,ETH,237.493210284,3319.6367421530904,966.5815062763982
2020-06-13,ETH,238.908842797,3339.424195015097,966.5946748777764
2020-06-14,ETH,234.114695213,3272.4124751932145,966.2833471698601
2020-06-15,USDT,1.00217816088,3242.231669573303,966.1505807116864
2020-06-16,USDT,1.0003326647,3236.261148168587,966.4962280629576
2020-06-17,USDT,1.00037227043,3236.389280028884,966.2966643783316
2020-06-18,USDT,1.00201803165,3241.71362190374,966.1441475762774
2020-06-19,USDT,0.993829194465,3215.221219360391,965.3568369201329
2020-06-20,USDT,0.998884328326,3231.5755121776233,965.7244510617849
2020-06-21,USDT,1.00136323804,3239.5952434933465,965.7241375290437
2020-06-22,USDT,0.997925419049,3228.4732633485255,967.0369221372088
2020-06-23,ETH,244.142144306,3230.4206725287972,967.2289971726245
2020-06-24,ETH,235.772462091,3119.6753748388396,966.0060320152543
2020-06-25,USDT,1.00010205352,3100.3621535367843,965.7582739430279
2020-06-26,USDT,0.998956294926,3096.810249439173,965.3303075590732
2020-06-27,USDT,1.00403113502,3112.5424860717353,964.9219893047318
2020-06-28,USDT,1.00251459355,3107.8411380829893,965.2144567221425
2020-06-29,USDT,1.00198445804,3106.1976937308204,965.435147005861
2020-06-30,USDT,0.999904214285,3099.74884285062,965.156186452859
2020-07-01,USDT,1.0015614595,3104.886378890699,965.6385178089702
2020-07-02,USDT,1.01571822131,3148.7729886400516,965.7766736467731
2020-07-03,USDT,0.999521222745,3098.5615515421364,964.9797607393301
2020-07-04,USDT,1.00107760639,3103.3864120974745,965.3006135397551
2020-07-05,USDT,0.998898776028,3096.631938221988,965.0248095744286
2020-07-06,USDT,1.00023630799,3100.77834854035,966.4023541633062
2020-07-07,ETH,239.075528329,3051.1295001556036,965.9625650067777
2020-07-08,ETH,246.670015358,3148.051855926134,966.7415022349402
2020-07-09,ETH,243.015967829,3101.4181737227423,966.3232621772219
2020-07-10,ETH,240.984985207,3075.4983690668682,966.1354583872595
2020-07-11,ETH,239.45817693,3056.0129377991993,966.0110013018
2020-07-12,ETH,242.131695235,3090.132910791023,966.1345706434582
2020-07-13,ETH,239.60458484,3057.881424701139,965.9756493113371
2020-07-14,ETH,240.211494177,3065.6269225150863,965.9841214963519
2020-07-15,ETH,238.423526948,3042.8085286968526,965.7971897313432
2020-07-16,ETH,233.640883013,2981.771474420275,965.460678174046
2020-07-17,USDT,0.999616394765,2962.8297943765288,965.4579798653733
2020-07-18,USDT,0.998795084867,2960.3954591165684,965.5664125655876
2020-07-19,ETH,238.487523715,2980.194886319454,965.7466928753178
2020-07-20,ETH,236.153167708,2951.0242373624706,965.6677512101953
2020-07-21,USDT,0.998894347918,2928.338984543934,966.5077900130663
2020-07-22,ETH,262.190656292,3114.8213276426754,967.681596463272
2020-07-23,ETH,274.689049046,3263.3020586571984,968.2677170283642
2020-07-24,ETH,279.215409484,3317.075157318574,968.3818799331978
2020-07-25,ETH,304.056761197,3612.1900680381677,969.7649941601751
2020-07-26,ETH,309.643609292,3678.5617452241972,970.5894081288341
2020-07-27,ETH,321.514088181,3819.5828683095715,973.825095725953
2020-07-28,ETH,316.657252341,3761.8837264971226,973.4170063683368
2020-07-29,ETH,318.190884419,3780.103254122055,973.9969782011075
2020-07-30,ETH,334.586629282,3974.884473651801,974.7081364248619
2020-07-31,ETH,345.554649307,4105.1843980619005,975.6423973540075
2020-08-01,ETH,385.199719325,4576.167275081082,978.3136898361357
2020-08-02,ETH,370.671711492,4403.574745330551,975.9915633641938
2020-08-03,ETH,386.295173437,4589.1812546018145,977.2539050174968
2020-08-04,ETH,389.875485136,4631.715307482913,977.2760630086516
2020-08-05,ETH,401.59058634,4770.890545844849,979.1912337170946
2020-08-06,ETH,394.961957147,4692.142523793305,978.8887505056093
2020-08-07,ETH,379.512855039,4508.607406945603,977.8754754625068
2020-08-08,ETH,393.987376065,4680.56451417747,978.7835558064003
2020-08-09,ETH,391.120454943,4646.505531367917,978.5682247104087
2020-08-10,ETH,395.887569508,4703.13878568893,979.197969848987
2020-08-11,ETH,380.384068285,4518.957408116291,977.4749526848138
2020-08-12,ETH,391.024162058,4645.361573241643,978.6939159607592
2020-08-13,ETH,428.741782282,5093.446373680912,981.0197449852105
2020-08-14,ETH,437.397839521,5196.280212547029,980.7210044090865
2020-08-15,ETH,433.354926495,5148.250462374832,980.7831953150962
2020-08-16,ETH,433.786609983,5153.378856171276,980.8960559631969
2020-08-17,ETH,429.531252334,5102.825266850798,981.5364513945167
2020-08-18,ETH,423.669315654,5033.185541124569,980.7275963510324
2020-08-19,ETH,406.463786824,4828.784099399011,979.4064116124283
2020-08-20,ETH,416.439794883,4947.298935535285,980.0637454582637
2020-08-21,ETH,389.126350308,4622.815596209694,978.3246330152547
2020-08-22,USDT,1.0009557096,4578.6840414262015,978.7132025509022
2020-08-23,USDT,1.00234541641,4585.040994418409,978.5257440188905
2020-08-24,USDT,1.00197562598,4583.349457495971,979.5044184741124
2020-08-25,ETH,384.001043035,4286.393671388794,977.4787809789603
2020-08-26,USDT,1.00185285952,4258.537002112955,977.8665068244783
2020-08-27,USDT,1.00220600622,4260.0381090617775,977.3101724056121
2020-08-28,USDT,1.00203600327,4259.315484131216,978.4106026284164
2020-08-29,USDT,1.00282391214,4262.664617734325,978.5242905383321
2020-08-30,USDT,1.0011730363,4255.647303980384,980.1975670329608
2020-08-31,ETH,435.079745266,4296.152500155067,980.4778212436572
2020-09-01,ETH,477.051924154,4710.602685962714,983.0209019197141
2020-09-02,ETH,440.040506887,4345.137056831459,979.9955687163173
2020-09-03,ETH,385.671928369,3808.279832215823,974.918801340523
2020-09-04,USDT,1.00368577433,3778.6528337178684,975.6202610138935
2020-09-05,USDT,1.000151273,3765.3462254068163,972.3822564867378
2020-09-06,USDT,1.00283788288,3775.4607117289256,973.5225220975415
2020-09-07,USDT,1.00053717551,3766.7990621912413,973.6344122690009
2020-09-08,USDT,1.00102513865,3768.636134459144,972.4193443553476
2020-09-09,USDT,1.0021017202,3772.689223611824,973.3082372526026
2020-09-10,USDT,1.00145684005,3770.2613938382747,974.3147790132214
2020-09-11,USDT,1.00151741931,3770.4894612258163,974.6934484020154
2020-09-12,USDT,1.00130687634,3769.696813954571,975.3259124874388
2020-09-13,USDT,0.999212936177,3761.813596783503,974.0351680315849
2020-09-14,USDT,1.00128888878,3769.6290948074998,975.48011432468
2020-09-15,USDT,1.00248664603,3774.138383414125,975.2669099513017
2020-09-16,USDT,1.00344391293,3777.7422795505668,975.7749033852399
2020-09-17,BTC,10948.9899152,3746.2429075171144,976.6610291099994
2020-09-18,BTC,10944.5858045,3744.7360225348853,976.3708447074545
2020-09-19,BTC,11094.3462761,3795.977197191467,976.8704863218367
2020-09-20,BTC,10938.2712894,3742.575484659611,975.885432984577
2020-09-21,BTC,10462.2596185,3579.7060912437964,973.4811515411348
2020-09-22,USDT,1.00144442809,3551.8105080547543,973.724178804558
2020-09-23,USDT,1.00092336,3549.962442335318,971.9846213319779
2020-09-24,USDT,1.00126811,3551.1851628760746,974.4685645174369
2020-09-25,BTC,10692.71721234,3507.8157186643907,974.4327787196571
2020-09-26,BTC,10750.72357903,3526.84508611301,974.728976941825
2020-09-27,BTC,10775.26937624,3534.897495203285,974.8616083200776
2020-09-28,BTC,10709.65218175,3513.37134598641,974.5910474613781
2020-09-29,BTC,10844.64098118,3557.655303289398,975.1100413143339
2020-09-30,BTC,10784.49157795,3537.922898707055,974.9879097473594
2020-10-01,BTC,10619.45190766,3483.7805569477187,974.2726287100278
2020-10-02,USDT,1.00104878,3464.1211264754784,973.8775325082756
2020-10-03,USDT,1.00110791,3464.325745357495,973.8266702474003
2020-10-04,USDT,1.00135929,3465.195643794186,974.3898020131214
2020-10-05,USDT,1.00086633,3463.4897597407567,974.734983686755
2020-10-06,BTC,10604.40588882,3382.4760627880555,973.6930810913426
2020-10-07,USDT,1.0007074,3363.083348614333,973.9020771155822
2020-10-08,USDT,1.00125232,3364.914664519789,974.908719866446
2020-10-09,BTC,11064.45759247,3390.3417398487522,975.9089715807506
2020-10-10,ETH,370.96758819,3419.596664048032,976.6971952310896
2020-10-11,ETH,375.14204941,3458.077043780826,977.0866744571981
2020-10-12,ETH,387.7312655,3574.125029413184,978.0663910896702
2020-10-13,ETH,381.19076126,3513.834353913952,977.4619183738979
2020-10-14,ETH,379.48403791,3498.1016978547286,977.3936361268414
2020-10-15,ETH,377.44184574,3479.276674445136,977.4592632344471
2020-10-16,BTC,11322.12268618,3406.3161460203823,976.5610238198194
2020-10-17,BTC,11358.10156733,3417.140568893541,976.7505733361021
2020-10-18,BTC,11483.35971184,3454.825096070213,977.4628924713388
2020-10-19,ETH,379.93560927,3449.7619517792577,978.1708278544847
2020-10-20,BTC,11916.33514058,3479.995669296195,978.1347333625092
2020-10-21,BTC,12823.68918938,3744.9754741683732,981.371984513427
2020-10-22,BTC,12965.89129043,3786.503569004646,982.6256094212633
2020-10-23,BTC,12931.53902256,3776.4714792717045,982.3545395909937
2020-10-24,BTC,13108.06261161,3828.0226750190172,982.909820452641
2020-10-25,BTC,13031.17431056,3805.5685436508625,982.4467365956795
2020-10-26,BTC,13075.24769656,3818.439547243982,982.0302410668997
2020-10-27,BTC,13654.21844012,3987.5196928146383,983.855119449314
2020-10-28,BTC,13271.28536861,3875.689552527041,982.2623125397959
2020-10-29,BTC,13437.8832414,3924.34208444928,982.5863532671256
2020-10-30,BTC,13546.52226938,3956.068562634631,982.7011973038294
2020-10-31,BTC,13780.99470249,4024.542891542472,983.4128417077304
2020-11-01,BTC,13737.10982864,4011.7269402332863,983.7330353214884
2020-11-02,BTC,13550.4893841,3957.2271018903944,982.712796395532
2020-11-03,BTC,13950.30084729,4073.986335666733,983.8813674338644
2020-11-04,BTC,14133.70715301,4127.547530622865,984.9737076587686
2020-11-05,BTC,15579.84846029,4549.8724675396525,988.9960000804788
2020-11-06,BTC,15565.88058083,4545.793347620935,990.7116389438665
2020-11-07,BTC,14833.7541075,4331.986256220056,988.1471023935702
2020-11-08,BTC,15479.56703842,4520.586708982052,990.4689173233875
2020-11-09,BTC,15332.31559743,4477.584026454454,989.6979444556398
2020-11-10,BTC,15290.90268148,4465.4899751829225,989.8505564222593
2020-11-11,ETH,462.96052774,4569.831567966864,991.4205962315606
2020-11-12,ETH,461.00527114,4550.531448844887,992.7239048840107
2020-11-13,BTC,16317.80819009,4534.792314039244,993.4073353367771
2020-11-14,ETH,460.14983674,4370.137286989198,992.1715033520818
2020-11-15,BTC,15955.58743887,4313.5280180415975,991.3654899374184
2020-11-16,BTC,16716.11132377,4519.13254990071,993.7481068233582
2020-11-17,BTC,17645.40576746,4770.363514302675,996.9113469149398
2020-11-18,BTC,17804.00563217,4813.240341163813,997.2460797198878
2020-11-19,BTC,17817.09024754,4816.777713587113,996.9518168961306
2020-11-20,BTC,18621.31436938,5034.196426350434,1000.5473102660682
2020-11-21,BTC,18642.23276593,5039.851629579813,1002.2615255429528
2020-11-22,ETH,558.06809523,5087.894998452286,1001.9781888415814
2020-11-23,ETH,608.45402857,5547.262485008352,1004.1670055753702
2020-11-24,ETH,603.89774601,5505.722953458881,1005.775333214508
2020-11-25,ETH,570.68661621,5202.937786833778,1003.4345475613726
2020-11-26,ETH,518.80117389,4729.899308682444,997.401690437809
2020-11-27,ETH,517.49368769,4717.978984703373,997.2146106815815
2020-11-28,ETH,538.22980058,4907.0296865122455,999.5890434170343
2020-11-29,ETH,575.75804789,5249.173921994004,1002.3273183298561
2020-11-30,ETH,614.84252202,5605.50624441643,1007.5315455765972
2020-12-01,ETH,587.32418713,5354.622168352445,1004.3673354616145
2020-12-02,ETH,598.35234223,5455.165624706676,1005.79316985798
2020-12-03,ETH,616.70875486,5622.520649672243,1007.1869783842964
2020-12-04,ETH,569.35419749,5190.790153598199,1003.3041726077618
2020-12-05,ETH,596.59547474,5439.148301029301,1005.5988247369047
2020-12-06,ETH,601.90899244,5487.591529303937,1006.3157695216474
2020-12-07,ETH,591.84337934,5395.823547966929,1005.485965263361
2020-12-08,ETH,554.82775708,5058.352904203223,1001.7357945791593
2020-12-09,USDT,1.00038358,5031.457628076431,1003.1310110442341
2020-12-10,ETH,559.67850106,4880.958972472695,1001.8261334693428
2020-12-11,USDT,1.00045818,4852.710915356287,1000.7310475120227
2020-12-12,USDT,1.00046356,4852.737010984516,1003.5313006205332
2020-12-13,BTC,19142.3825335,4910.556876369475,1005.2512111487467
2020-12-14,BTC,19246.64434137,4937.302948165018,1005.347470725007
2020-12-15,BTC,19417.07603342,4981.023447213805,1005.9403529582737
2020-12-16,BTC,21310.59813054,5466.764860974492,1012.5510092370496
2020-12-17,BTC,22805.16149213,5850.1621930245565,1016.4826541404748
2020-12-18,BTC,23137.96056165,5935.534468728525,1017.8442477401203
2020-12-19,BTC,23869.83196434,6123.279967117144,1019.8118581528046
2020-12-20,BTC,23477.29519711,6022.583300013362,1017.9191822921645
2020-12-21,BTC,22803.0814087,5849.628593407438,1015.0513353858996
2020-12-22,BTC,23783.02850288,6101.012449799531,1018.5170665220065
2020-12-23,BTC,23241.34486501,5962.055436057679,1014.9815789174712
2020-12-24,BTC,23735.94972763,6088.935426308314,1017.4088420955906
2020-12-25,BTC,24664.79027412,6327.209022849137,1020.3223511844285
2020-12-26,BTC,26437.0375091,6781.840040233084,1024.998688985142
2020-12-27,BTC,26272.29456706,6739.578864778456,1026.628291366544
2020-12-28,BTC,27084.80788628,6948.011271760976,1030.6633458642905
2020-12-29,BTC,27362.4365573,7019.230796141953,1031.3889627446372
2020-12-30,BTC,28840.95341968,7398.511752035632,1035.9204841416504
2020-12-31,BTC,29001.71982218,7439.75283380296,1035.7274943561808
2021-01-01,BTC,29374.15188907,7535.292082579679,1036.3593205954812
2021-01-02,BTC,32127.26793922,8241.54340358676,1044.9408309315402
2021-01-03,BTC,32782.02446581,8409.506777966491,1055.2064349980853
2021-01-04,ETH,1040.23304833,8913.757176358342,1056.008786622108
2021-01-05,ETH,1100.00609944,9425.952461962817,1063.5876737278556
2021-01-06,ETH,1207.11223389,10343.744947135636,1075.098081173301
2021-01-07,ETH,1225.67813488,10502.836156024696,1082.0774546318742
2021-01-08,ETH,1224.19714489,10490.145552536687,1085.483640797254
2021-01-09,ETH,1281.07729102,10977.551534852446,1086.7081400234886
2021-01-10,ETH,1262.24666381,10816.191886937071,1081.1728899502973
2021-01-11,ETH,1090.14537315,9341.455896628057,1066.9510468325484
2021-01-12,ETH,1043.43458391,8941.191135313411,1060.918319766672
2021-01-13,ETH,1130.73940242,9689.306140670651,1072.9540347383409
2021-01-14,ETH,1218.45297846,10440.923789375242,1081.2698309535024
2021-01-15,ETH,1171.83461074,10041.450988081933,1073.5229006255931
2021-01-16,ETH,1233.53756838,10570.183643085606,1074.6167607012783
2021-01-17,ETH,1230.17227237,10541.346420976708,1073.5346090053467
2021-01-18,ETH,1257.27950247,10773.628280530182,1076.764229832408
2021-01-19,ETH,1377.29584154,11802.048311390508,1080.5623487084813
2021-01-20,ETH,1382.27409433,11844.706960434421,1079.5112082247858
2021-01-21,ETH,1121.57091957,9610.741409496506,1056.7059868508281
2021-01-22,USDT,1.00134975,9568.970251875118,1067.0404481513874
2021-01-23,ETH,1230.99063605,9469.168880682158,1064.4862503818924
2021-01-24,ETH,1391.60940757,10704.699215673923,1071.9853795527645
2021-01-25,ETH,1324.414778,10187.816896150442,1069.2265955152493
2021-01-26,ETH,1357.0581398,10438.919948168177,1071.1682213024121
2021-01-27,ETH,1253.18713315,9639.911348938378,1061.4930727156448
2021-01-28,ETH,1298.1017742,9985.408957825466,1066.3785979186423
2021-01-29,ETH,1382.52281244,10634.802255196266,1076.5099218444673
2021-01-30,ETH,1376.11553895,10585.515483254432,1076.144175844025
2021-01-31,ETH,1314.9862286,10115.289515393966,1070.673088421444
2021-02-01,ETH,1369.04046855,10531.09180650309,1074.031702014705
2021-02-02,ETH,1515.19376962,11655.349172701934,1085.1787520375697
2021-02-03,ETH,1660.909542,12776.240929988395,1096.2397270979668
2021-02-04,ETH,1594.76269414,12267.418478405027,1092.046384890993
2021-02-05,ETH,1718.65087218,13220.405484013028,1100.3423097362406
2021-02-06,ETH,1677.84684697,12906.52803083847,1101.3527222603752
2021-02-07,ETH,1614.22782334,12417.150401850471,1097.7258550883032
2021-02-08,ETH,1746.61684904,13435.528613341068,1121.2320413908435
2021-02-09,BTC,46481.10423596,13437.323708587452,1122.8570010256662
2021-02-10,BTC,44918.18449192,12985.495834090434,1117.9990662919674
2021-02-11,BTC,47909.33119483,13850.212952316308,1126.9943378407202
2021-02-12,BTC,47504.85118326,13733.2809443862,1128.6280326479025
2021-02-13,BTC,47105.51747252,13617.836691777129,1126.355417613623
2021-02-14,BTC,48717.2902111,14083.787584919215,1129.8971949202976
2021-02-15,BTC,47945.05683234,13860.540954712302,1126.904787087065
